{"sparse_perplexity": 818.4038696289062, "_timestamp": 1676333155.789998, "_runtime": 7.573738098144531, "_step": 0, "_wandb": {"runtime": 10}}