{"perplexity": 8508.3740234375, "density": 0.7, "_timestamp": 1677021200.7422104, "_runtime": 191.18534231185913, "_step": 4}