{"perplexity": 27.661212921142578, "density": 1, "_timestamp": 1677018509.3365097, "_runtime": 139.05537271499634, "_step": 5, "_wandb": {"runtime": 107}}