{"perplexity": 22.00566291809082, "density": 1, "_timestamp": 1677020137.7185318, "_runtime": 256.78094387054443, "_step": 6, "_wandb": {"runtime": 256}}